Company,Date,Revenue (USD),Net Profit (USD),Operating Costs (USD),Cash Flow (USD),Total Debt (USD),Shareholders' Equity (USD),Assets (USD),Liabilities (USD)
Company_14,3/31/2018,359417,196410,163007,478273,565002,565491,2456669,360237
Company_5,3/31/2018,629825,299810,330015,494660,515802,722294,1231339,1231339
Company_13,3/31/2018,608761,55270,291316,269556,344904,344904,823864,823864
Company_11,3/31/2018,340384,130495,209889,347024,509046,664693,2090949,2090949
Company_11,3/31/2018,401717,142984,258733,309025,579635,748426,3524560,3524560
Company_3,3/31/2018,574083,160867,330096,286378,318484,633342,3625382,1182307
Company_2,3/31/2018,741523,74755,632337,500063,227112,227112,4640607,2941596
Company_5,3/31/2018,876237,419438,68389,395249,474315,838249,3927518,2813458
Company_13,3/31/2018,906957,284343,622614,146346,274188,346688,3195289,2610619
Company_6,3/31/2018,107849,459068,0,70319,430850,430850,1964108,1964108
Company_19,3/31/2018,103228,441204,0,215546,387277,405681,4105800,790715
Company_13,3/31/2018,876435,225617,563967,500753,144832,203392,3082743,1812231
Company_7,3/31/2018,640854,81773,406928,510747,593987,593987,2074981,427962
Company_17,3/31/2018,965250,384385,580865,515441,263225,263225,3295335,3295335
Company_3,3/31/2018,935055,446912,81525,64358,435167,435167,4130995,790678
Company_13,3/31/2018,971078,56516,324999,439918,354673,846755,4342070,3130429
Company_3,3/31/2018,315020,268370,46650,191232,434812,434812,2376043,2376043
Company_9,3/31/2018,523948,327602,196346,71802,211891,484896,2102029,732783
Company_18,3/31/2018,842720,401650,441070,278496,391763,923541,2238662,2238662
Company_6,3/31/2018,580018,106609,63413,71902,351561,586148,3807838,3612955
Company_1,6/30/2018,223518,152660,70858,518145,411019,411019,1516602,334333
Company_9,6/30/2018,337155,449413,0,318504,147697,860230,3696012,3201540
Company_14,6/30/2018,687897,136829,104636,182341,613360,613360,2895325,2128274
Company_9,6/30/2018,870389,391284,369822,214508,180834,421120,4365912,1935942
Company_11,6/30/2018,979789,135291,769124,452569,227966,368191,4310080,1627486
Company_1,6/30/2018,315365,242494,72871,52455,365681,365681,687327,687327
Company_7,6/30/2018,767078,95217,306315,272555,296860,895575,2346451,723651
Company_2,6/30/2018,359788,123424,118824,181382,100434,857806,754395,754395
Company_12,6/30/2018,297936,225164,72772,461703,507657,507657,1076921,1076921
Company_14,6/30/2018,408366,332727,75639,122613,209502,209502,1567148,1313409
Company_17,6/30/2018,434597,232327,124590,595203,272898,876211,1387858,1387858
Company_13,6/30/2018,697267,63785,602766,495187,219495,281276,3095946,3095946
Company_20,6/30/2018,771035,377478,393557,588007,116820,941784,3551632,2229518
Company_19,6/30/2018,637226,171183,466043,471208,527943,853954,3985326,2912249
Company_19,6/30/2018,844569,384722,104768,496455,607513,933374,3653115,1652782
Company_3,6/30/2018,964146,444496,396325,509904,576349,576349,4111478,2016040
Company_9,6/30/2018,653722,346330,307392,573973,178348,337901,4431228,3070439
Company_5,6/30/2018,965431,457883,507548,87259,254436,613344,4519073,3361131
Company_19,6/30/2018,703899,268339,435560,515566,115001,995159,1530215,1530215
Company_12,6/30/2018,144930,432622,0,261468,192759,911376,2591585,2591585
Company_2,9/30/2018,707699,265803,65652,439141,635938,779648,579649,579649
Company_5,9/30/2018,614670,364203,189305,495315,163698,324254,1882638,1177001
Company_1,9/30/2018,719446,190492,158481,291253,628138,628138,3343231,2682687
Company_15,9/30/2018,706542,463704,242838,392825,661121,844780,3520758,1021679
Company_6,9/30/2018,240741,484101,0,68539,216822,344066,4672480,1764155
Company_15,9/30/2018,940509,324825,131163,477656,368911,368911,4464050,2733214
Company_5,9/30/2018,774549,343699,423071,494453,304848,506532,4034252,618696
Company_18,9/30/2018,735549,98953,338821,268230,268753,970863,1929053,1929053
Company_17,9/30/2018,508795,281497,153962,477343,116313,862197,1496353,196576
Company_4,9/30/2018,922829,83037,443230,216666,425695,683163,3401301,1065478
Company_8,9/30/2018,733226,464706,268520,559816,367832,367832,4433580,1754872
Company_14,9/30/2018,549767,181409,327655,175240,229335,229335,4292896,2118692
Company_17,9/30/2018,744391,202671,286681,110758,311956,798488,3570628,3345302
Company_5,9/30/2018,500167,443174,56993,122970,266481,266481,3764288,2450589
Company_16,9/30/2018,435489,184867,250622,111156,165972,571994,1715515,1715515
Company_14,9/30/2018,803106,307391,97089,172880,253890,511283,1683222,1683222
Company_17,9/30/2018,400355,93718,306637,322115,194535,989214,3372725,552811
Company_20,9/30/2018,401040,414997,0,104291,508023,996868,2889609,2889609
Company_3,9/30/2018,420873,182581,203983,402724,466718,700085,3623890,2982760
Company_6,9/30/2018,698351,139808,558543,429269,221277,221277,3273455,3273455
Company_3,12/31/2018,264615,411581,0,111444,147504,752830,776746,776746
Company_19,12/31/2018,456126,123541,332585,88706,208515,606089,2471618,448169
Company_10,12/31/2018,574996,237203,337793,393099,375308,375308,3195687,2099410
Company_17,12/31/2018,208000,257978,0,279256,245311,289961,916111,916111
Company_5,12/31/2018,216747,306534,0,518665,321715,626930,1437725,1437725
Company_20,12/31/2018,795735,391047,308332,182486,452461,452461,682955,682955
Company_4,12/31/2018,901160,248352,142198,395285,220050,220050,2694292,2694292
Company_2,12/31/2018,565396,285247,55211,539642,216124,745305,2430775,2430775
Company_6,12/31/2018,387351,486474,0,491727,173020,209594,3292710,3292710
Company_4,12/31/2018,630199,338897,213877,79526,266904,266904,2437883,2437883
Company_5,12/31/2018,668313,400581,267732,247312,220267,220267,3655271,3417752
Company_11,12/31/2018,824322,203897,620425,167521,314644,619764,2093576,2093576
Company_3,12/31/2018,400913,273280,66296,172991,111889,307344,1384948,187444
Company_5,12/31/2018,610749,299323,311426,568868,251862,941413,1963709,1166954
Company_8,12/31/2018,529488,417890,111598,232117,113232,691180,742648,742648
Company_8,12/31/2018,998393,340645,657748,269298,261144,372834,1292347,1292347
Company_10,12/31/2018,215268,257039,0,366267,419804,821346,1051522,1051522
Company_11,12/31/2018,454462,157164,297298,210010,443276,443276,3908994,2914190
Company_20,12/31/2018,503525,235062,268463,562906,286120,286120,1157574,1157574
Company_11,12/31/2018,931717,285196,628832,589628,333310,974067,4596184,3046546
Company_18,3/31/2019,185503,112030,73473,401768,646607,697717,2357370,283909
Company_18,3/31/2019,804364,89255,156001,331301,440717,440717,1223369,1223369
Company_14,3/31/2019,906562,339338,79876,494823,627670,646428,1881496,1052328
Company_15,3/31/2019,189275,213953,0,487334,279421,585361,570119,570119
Company_12,3/31/2019,709686,309104,400582,318328,166022,463005,4436404,2376357
Company_4,3/31/2019,627274,199199,428075,479870,267738,267738,3185672,3185672
Company_13,3/31/2019,745928,110040,635888,447804,334087,594258,2105784,2105784
Company_10,3/31/2019,225683,62697,157507,148327,292453,424724,3668946,2342417
Company_17,3/31/2019,397909,372335,25574,72724,214719,240770,2049840,1104588
Company_10,3/31/2019,585105,192125,392980,139454,333228,333228,3023130,572328
Company_9,3/31/2019,282336,196342,85994,259949,682819,957186,3049802,1897809
Company_3,3/31/2019,200262,300976,0,533512,433817,487415,1648203,1648203
Company_12,3/31/2019,133897,173516,0,505439,530473,530473,1445014,1445014
Company_15,3/31/2019,295674,218222,77452,424341,508549,508549,1035074,1035074
Company_4,3/31/2019,427741,468892,0,317383,504398,943046,1988624,1988624
Company_13,3/31/2019,251011,142556,108455,210197,577742,916901,836770,836770
Company_7,3/31/2019,756569,91028,530134,420717,156545,306695,3276100,2280011
Company_13,3/31/2019,709735,210443,398547,545492,385189,776153,1038526,1038526
Company_7,3/31/2019,686429,373827,312602,375383,673985,786354,1127159,1127159
Company_7,3/31/2019,276141,142220,133921,55647,126471,759486,3192585,2199132
Company_5,6/30/2019,842592,296583,350341,63775,411202,522743,2528297,2017313
Company_16,6/30/2019,843514,413944,429570,89912,383091,478424,2577489,2577489
Company_3,6/30/2019,755931,410434,345497,385115,408160,949856,3512934,2406080
Company_18,6/30/2019,870186,216134,311914,362727,520597,739001,2074636,1876808
Company_11,6/30/2019,103019,160963,0,136152,169516,715690,4939510,117520
Company_3,6/30/2019,282149,136329,145820,354813,206179,206179,3773569,3568090
Company_12,6/30/2019,471776,183424,288352,103370,244727,605993,1558183,1558183
Company_5,6/30/2019,181707,302565,0,475010,153371,910215,3915570,264299
Company_3,6/30/2019,542579,417649,124930,279863,573491,932446,2785777,681911
Company_1,6/30/2019,294690,299508,0,110251,125089,600823,3362846,3342283
Company_16,6/30/2019,926776,464825,461951,491190,134195,909839,635896,635896
Company_5,6/30/2019,928166,360677,567489,111989,450589,450589,1323266,1323266
Company_4,6/30/2019,774601,296206,367204,161874,251489,251489,4012972,3269069
Company_5,6/30/2019,943614,144165,58086,343481,185250,763164,3725448,2364991
Company_5,6/30/2019,933570,99164,377517,547932,244946,671478,1416270,1416270
Company_4,6/30/2019,106568,429759,0,213702,351826,351826,4522032,918274
Company_15,6/30/2019,301301,191591,109710,586467,253291,253291,3856503,869692
Company_6,6/30/2019,706202,443950,248444,521600,102307,629755,2297442,115567
Company_3,6/30/2019,380429,448579,0,527363,558078,649095,1768508,556843
Company_12,6/30/2019,609614,479561,97959,257491,357650,369940,4404332,1276192
Company_12,9/30/2019,707755,52963,430929,218800,407844,495700,2597315,2266332
Company_5,9/30/2019,665044,491949,173095,581967,357686,924292,2863375,290178
Company_10,9/30/2019,940689,97805,581195,91409,251274,856499,855993,855993
Company_2,9/30/2019,421944,356473,65471,373896,402839,719119,1223719,1223719
Company_20,9/30/2019,426985,336695,90290,467051,568464,798221,1476432,1476432
Company_13,9/30/2019,252483,125586,126897,532126,630479,630479,836474,836474
Company_1,9/30/2019,351001,391041,0,272218,392577,490565,4781660,1376639
Company_20,9/30/2019,516186,72200,352752,175967,680750,842712,2676870,976989
Company_11,9/30/2019,718300,71789,81101,431792,632806,879467,4181683,426374
Company_16,9/30/2019,747314,130680,140179,458975,380899,380899,997836,997836
Company_19,9/30/2019,805961,296441,509520,277606,668724,789960,1071300,1071300
Company_20,9/30/2019,702818,274785,121099,53629,320242,320242,2943577,2943577
Company_12,9/30/2019,143163,242237,0,71103,385604,648426,3452874,1820105
Company_13,9/30/2019,797004,421701,116580,82322,354352,627645,4489775,3801104
Company_10,9/30/2019,720740,464245,256495,317063,387585,673793,2763901,2763901
Company_13,9/30/2019,715218,119548,365217,112946,253440,504032,3411720,3411720
Company_15,9/30/2019,125628,376912,0,99490,564213,730331,3048855,1893538
Company_2,9/30/2019,962669,59892,419311,199007,132050,754384,4666872,3982189
Company_20,9/30/2019,340021,375548,0,449155,282612,282612,735539,735539
Company_2,9/30/2019,133900,216100,0,362522,351743,696985,1230241,1230241
Company_1,12/31/2019,289820,420893,0,83347,463175,463175,1515091,1200086
Company_11,12/31/2019,925036,330042,594994,461880,366922,393758,3374609,1769803
Company_10,12/31/2019,520553,340203,180350,293235,448984,448984,2999048,2207430
Company_7,12/31/2019,621469,207612,413857,169727,308054,791971,4872506,1269659
Company_7,12/31/2019,217377,96923,120454,503159,344580,344580,2532768,2532768
Company_17,12/31/2019,755908,90860,287433,567955,145533,711090,3040720,2063438
Company_13,12/31/2019,946040,412044,533996,464049,648064,955997,2915223,2915223
Company_5,12/31/2019,995307,229807,513686,365619,122786,671585,3525506,607856
Company_19,12/31/2019,211370,284721,0,452798,452188,568374,917095,917095
Company_9,12/31/2019,519538,391646,127892,164088,314825,876131,2968891,2968891
Company_12,12/31/2019,396687,493974,0,150625,286504,749483,4493117,571813
Company_7,12/31/2019,448123,90478,357645,297735,320826,841852,599198,599198
Company_10,12/31/2019,154915,489938,0,437433,271408,853173,4640929,2337518
Company_8,12/31/2019,961584,355254,462795,248674,334908,334908,1734361,1734361
Company_8,12/31/2019,704324,287147,394082,134720,595172,929993,1378892,412015
Company_16,12/31/2019,153270,300825,0,383548,452139,693005,1951097,1951097
Company_19,12/31/2019,345228,106220,124870,440257,109338,630909,2730548,2730548
Company_9,12/31/2019,972958,143259,362088,330679,654367,894040,859826,726878
Company_18,12/31/2019,480039,412049,67990,302759,546274,829164,1431011,1431011
Company_8,12/31/2019,626185,53930,572255,498891,173122,447283,2078129,2078129
Company_13,3/31/2020,938771,111066,124391,437848,253171,253171,2021495,279569
Company_17,3/31/2020,720174,491922,228252,333794,375013,510751,4126697,1470049
Company_5,3/31/2020,395789,320429,75360,245239,287277,287277,1423589,1423589
Company_4,3/31/2020,421432,387973,33459,262844,512223,743104,752985,752985
Company_5,3/31/2020,902669,85909,401716,76015,396977,544794,3929425,3866853
Company_17,3/31/2020,778909,154205,121749,221851,351411,559496,3642830,3642830
Company_19,3/31/2020,909011,457370,451641,153691,514631,656534,4093115,3310373
Company_13,3/31/2020,896127,410577,444107,127018,307902,307902,1774290,1774290
Company_16,3/31/2020,895052,411485,384517,124084,464897,599883,4660943,163783
Company_8,3/31/2020,392157,349854,42303,103654,278970,777468,2361158,2361158
Company_13,3/31/2020,821098,382038,439060,154583,437904,562332,2499778,1724155
Company_3,3/31/2020,770847,419313,351534,126582,470013,470013,4360436,2016720
Company_20,3/31/2020,621712,228849,205608,82220,391155,590320,804781,804781
Company_13,3/31/2020,302488,157327,145161,388874,312805,939960,1289371,1289371
Company_11,3/31/2020,627565,472998,154567,275395,172377,437453,4221159,165534
Company_14,3/31/2020,523200,142340,380860,94059,538898,773280,2369972,2369972
Company_20,3/31/2020,262009,466294,0,579346,514331,514331,4660632,1549337
Company_9,3/31/2020,767462,64435,557713,126016,580414,619974,3638770,164349
Company_12,3/31/2020,635327,273523,145855,92111,448310,448310,4764530,3792862
Company_8,3/31/2020,791036,157366,633670,417596,182999,353407,2147131,1322915
Company_8,6/30/2020,448330,55964,342497,225713,480938,480938,634815,139797
Company_8,6/30/2020,798892,495165,303727,493574,156679,448169,4444405,351144
Company_18,6/30/2020,969802,274712,472435,227099,145213,553452,2539516,2054676
Company_7,6/30/2020,923164,470934,104443,517495,447461,686435,4484920,3743311
Company_3,6/30/2020,399100,330181,68919,93002,684447,684447,771101,771101
Company_8,6/30/2020,979883,155572,133820,87065,293774,400634,2828598,1393849
Company_15,6/30/2020,666901,184281,444486,128405,333699,932855,2368975,2368975
Company_8,6/30/2020,385805,285249,57904,444326,682024,888901,3119170,2496598
Company_16,6/30/2020,482237,139293,185345,210410,302471,302471,590061,590061
Company_3,6/30/2020,792405,123783,668622,445937,351257,351257,2354729,1881137
Company_18,6/30/2020,427616,191941,235675,485772,450437,450437,4350603,2505111
Company_16,6/30/2020,756305,388944,367361,424657,137851,596927,1795874,1795874
Company_11,6/30/2020,666994,234055,432939,60338,353237,602784,4333836,1601565
Company_10,6/30/2020,874994,492671,377529,534515,209155,209155,954269,954269
Company_18,6/30/2020,722999,75700,107543,337558,427517,558704,4361539,1106826
Company_16,6/30/2020,573287,87086,125230,464070,290177,517800,3280215,543788
Company_7,6/30/2020,437419,457861,0,388754,326518,326518,3265282,460723
Company_11,6/30/2020,357067,486540,0,303468,240007,384229,4374606,1355929
Company_1,6/30/2020,635973,484964,151009,549897,166865,316970,896032,896032
Company_17,6/30/2020,679790,170409,509381,141281,413630,955569,1869108,910653
Company_14,9/30/2020,527354,277520,52240,505469,382857,396256,4462163,1599463
Company_11,9/30/2020,194805,115023,79782,166953,574910,721002,957022,957022
Company_14,9/30/2020,230460,242978,0,53245,380765,929680,2649744,2649744
Company_20,9/30/2020,696957,451087,245870,208989,552570,580098,1356816,1356816
Company_6,9/30/2020,902560,378517,381852,592536,366316,366316,4020964,1175021
Company_11,9/30/2020,331564,191186,140378,486539,316651,867688,3546213,1762750
Company_5,9/30/2020,494177,92369,401808,279812,291082,610154,816428,816428
Company_15,9/30/2020,566291,375476,162634,503258,274845,274845,3001320,456490
Company_3,9/30/2020,535792,206700,329092,257670,375121,375121,1798133,1798133
Company_9,9/30/2020,809843,56266,487593,267235,114366,218020,2607278,2607278
Company_17,9/30/2020,490752,61197,60807,283091,543058,696800,3683360,3394372
Company_2,9/30/2020,820267,243204,449379,439425,506866,688752,502545,502545
Company_17,9/30/2020,543296,360988,182308,559081,135206,636978,906614,906614
Company_4,9/30/2020,260331,463029,0,233075,335456,559575,2023564,223985
Company_1,9/30/2020,440614,374005,66609,400261,290519,290519,1507067,1507067
Company_16,9/30/2020,280436,445891,0,243269,575446,798754,1798373,1798373
Company_12,9/30/2020,473160,415810,57350,394863,483288,737725,4872003,2657162
Company_9,9/30/2020,766593,463805,302788,578698,176072,787779,1132304,1132304
Company_4,9/30/2020,539020,102748,359595,510216,291704,644413,1296426,1296426
Company_20,9/30/2020,397002,319360,77642,267277,338967,857159,2462540,2462540
Company_6,12/31/2020,211855,75919,135936,217038,354212,776569,2185091,2185091
Company_11,12/31/2020,335854,79474,69289,179207,461576,471881,3507840,1087608
Company_18,12/31/2020,105591,375844,0,166882,246967,246967,3077213,610543
Company_5,12/31/2020,869275,440633,288340,185083,242648,660393,2870674,2763293
Company_9,12/31/2020,557701,278211,279490,205101,302596,598238,4953066,1116882
Company_18,12/31/2020,679415,224322,303033,229681,629905,976362,3677769,637009
Company_9,12/31/2020,358572,473704,0,594222,614225,771126,4399766,2096313
Company_1,12/31/2020,632062,163224,468838,406854,275443,721610,3756095,493371
Company_9,12/31/2020,732563,117773,614790,424335,310961,778716,1909285,638599
Company_11,12/31/2020,369231,251802,117429,81529,264775,397292,2379714,2241665
Company_7,12/31/2020,788450,57959,262771,154041,257596,981052,3565299,317568
Company_5,12/31/2020,158186,399031,0,367222,533633,533633,1489385,1489385
Company_2,12/31/2020,749483,80480,269628,91614,332044,332044,1285005,172581
Company_3,12/31/2020,801405,183187,338906,355013,472614,843463,1007729,1007729
Company_11,12/31/2020,690045,127651,112025,532261,521955,970135,3714184,2650867
Company_14,12/31/2020,376991,231432,145559,80465,217142,731473,4234951,1084858
Company_6,12/31/2020,525582,441404,84178,207148,434784,434784,3076178,1316763
Company_11,12/31/2020,189994,239443,0,106154,181103,779459,2990724,1580958
Company_11,12/31/2020,210644,242947,0,536848,411409,623920,778320,778320
Company_13,12/31/2020,612446,373716,190272,395092,437620,951706,2382233,2382233
Company_3,3/31/2021,722250,151883,557836,364752,512740,547141,4854452,3682240
Company_1,3/31/2021,301329,382833,0,445398,200335,821872,2158301,2149286
Company_4,3/31/2021,123768,161710,0,211471,524772,824819,745128,700612
Company_12,3/31/2021,345878,400863,0,128246,301699,775291,2480217,952653
Company_3,3/31/2021,704922,187968,211830,553649,361550,361550,1721024,1721024
Company_3,3/31/2021,613775,460662,92840,157285,565478,793409,711756,711756
Company_6,3/31/2021,579663,66306,513357,360466,685358,871393,4121435,1685673
Company_13,3/31/2021,929963,238433,691530,151943,240804,240804,2716433,1166245
Company_17,3/31/2021,484285,80096,200028,543153,376348,376348,1194770,1183506
Company_19,3/31/2021,785657,166833,89940,404685,334100,363800,4318474,2227000
Company_9,3/31/2021,581813,215265,366548,537086,309656,475134,1686060,1686060
Company_19,3/31/2021,501856,460822,41034,374334,211645,211645,4093571,2626479
Company_9,3/31/2021,707359,156287,355899,582296,335585,335585,4948087,2447815
Company_6,3/31/2021,741593,460768,280825,414700,691588,775805,4777784,1854256
Company_18,3/31/2021,110339,99060,11279,403608,118673,474501,1476377,701260
Company_12,3/31/2021,810292,481182,243818,227318,271805,780868,1651977,573807
Company_20,3/31/2021,329766,365528,0,102706,336902,472969,1552075,1552075
Company_14,3/31/2021,293139,341087,0,591193,174911,277049,4523393,1360720
Company_14,3/31/2021,884202,424904,160095,332635,248155,911162,2307529,2307529
Company_15,3/31/2021,716985,428657,132024,139386,289826,699210,4418472,2414116
Company_16,6/30/2021,838819,63830,609186,183421,309021,661607,1541172,612222
Company_17,6/30/2021,265228,429032,0,475025,315729,315729,1131189,530405
Company_16,6/30/2021,580175,381432,198743,337010,357480,481861,4414245,1061553
Company_2,6/30/2021,819838,302058,115257,545571,337534,663766,3133958,3133958
Company_19,6/30/2021,371712,320542,51170,365994,112717,481378,4246021,2761539
Company_8,6/30/2021,860977,185975,56794,524667,197161,718558,3403293,1809808
Company_9,6/30/2021,324794,139030,185764,168178,534642,945178,4904635,2303738
Company_10,6/30/2021,156274,239513,0,168920,331603,667278,2716964,1842734
Company_5,6/30/2021,679606,454344,225262,548406,259994,683974,969825,264428
Company_17,6/30/2021,459541,387089,72452,415306,347730,367897,986785,937630
Company_19,6/30/2021,520924,445765,75159,75096,315481,315481,4143260,610331
Company_6,6/30/2021,708730,380268,328462,71693,174281,595161,4175770,1508755
Company_14,6/30/2021,406115,345759,60356,113361,193791,608884,3887923,2392896
Company_3,6/30/2021,635553,260393,238849,460430,591322,714733,4095361,3433962
Company_3,6/30/2021,263384,349656,0,447874,225583,762980,4783043,327843
Company_7,6/30/2021,739302,117747,251915,591370,374024,374024,985643,456088
Company_20,6/30/2021,177330,389402,0,306612,589538,866285,1980457,1980457
Company_17,6/30/2021,333432,292815,40617,446511,185499,721248,2303595,2303595
Company_19,6/30/2021,443108,73731,132958,355362,677598,817049,2007080,741729
Company_8,6/30/2021,902103,442664,384261,163440,112908,202998,4774550,1388521
Company_6,9/30/2021,510742,436696,74046,129656,256437,672350,1690179,1690179
Company_20,9/30/2021,466896,329530,137366,327508,540298,540298,2185448,2185448
Company_14,9/30/2021,566832,324985,172756,68909,248676,824180,4024195,3043316
Company_2,9/30/2021,542388,132626,409762,542104,494827,895643,1482294,1482294
Company_20,9/30/2021,282038,230827,51211,393312,153617,784983,582309,582309
Company_17,9/30/2021,869416,439040,430376,247013,582404,781435,1764344,1764344
Company_13,9/30/2021,600286,381236,219050,148694,187178,945015,1806683,1788379
Company_6,9/30/2021,196179,169545,26634,277228,213598,604945,3363614,1746933
Company_7,9/30/2021,716400,425013,291387,180976,615852,867275,4418310,2855996
Company_18,9/30/2021,228201,84061,144140,358663,262768,262768,1338231,1338231
Company_13,9/30/2021,370576,176273,194303,131888,197046,528911,4131914,3508558
Company_8,9/30/2021,148125,339772,0,322197,632282,886413,4869577,2633885
Company_8,9/30/2021,873357,170139,703218,265778,222809,381973,3773262,723260
Company_16,9/30/2021,759684,131319,496317,504120,684561,858433,1269260,1269260
Company_1,9/30/2021,902660,429817,472843,225458,235554,547393,3969785,2917395
Company_9,9/30/2021,310297,264008,46289,521499,115726,203184,4421778,2344163
Company_6,9/30/2021,373313,252919,120394,96448,508073,508073,1024365,1024365
Company_7,9/30/2021,340784,76287,262444,535551,269764,854268,1308660,1308660
Company_6,9/30/2021,174014,235239,0,431159,450874,450874,2903876,812961
Company_19,9/30/2021,844509,107743,692386,282232,224448,253194,3719438,1385464
Company_5,12/31/2021,837363,485450,351913,570436,176120,966025,2708253,2423026
Company_5,12/31/2021,733431,286401,447030,487589,334657,334657,3983776,2324024
Company_4,12/31/2021,436389,315675,120714,178379,600268,692987,1668988,184612
Company_10,12/31/2021,215408,347959,0,239873,206618,593103,2718275,2718275
Company_9,12/31/2021,324784,332668,0,161582,393884,398470,2988565,434354
Company_14,12/31/2021,659806,96299,255182,576825,630298,630298,1321684,1321684
Company_7,12/31/2021,352844,468240,0,275247,341717,444437,851758,851758
Company_5,12/31/2021,388376,299661,88715,521289,229723,516905,1080800,1080800
Company_5,12/31/2021,758522,72258,179103,587875,327848,444220,2719558,771921
Company_10,12/31/2021,243743,73274,170469,150275,430849,465402,1162962,1162962
Company_4,12/31/2021,170531,470917,0,460570,156705,267421,1519261,493246
Company_15,12/31/2021,199314,351740,0,182149,538028,610050,2209402,2209402
Company_19,12/31/2021,638747,116632,522115,348705,257121,257121,4233295,953082
Company_16,12/31/2021,664835,281119,383716,411478,121327,983195,1391158,1391158
Company_4,12/31/2021,289119,114113,175006,168206,627354,646776,3499704,3218676
Company_12,12/31/2021,515056,198987,316069,139500,446084,449414,4366854,3798181
Company_19,12/31/2021,337056,385425,0,322564,636432,636432,2405244,811070
Company_1,12/31/2021,457940,224601,233339,418766,635138,899822,4421485,1376510
Company_12,12/31/2021,647285,274407,372878,135004,153436,338604,585275,550146
Company_13,12/31/2021,168861,348115,0,191804,209820,209820,2934850,1605686
Company_10,3/31/2022,368600,211138,157462,57316,666167,932661,1815293,1815293
Company_12,3/31/2022,725601,144795,580806,198186,340408,595680,3874738,2737378
Company_5,3/31/2022,834292,441040,349712,417051,128416,709052,3243083,235401
Company_1,3/31/2022,369625,105486,264139,202581,370859,899160,1065517,744072
Company_14,3/31/2022,560264,366799,193465,570684,375701,375701,4466705,378269
Company_15,3/31/2022,345867,224414,121453,98743,190489,879414,3496135,686478
Company_10,3/31/2022,352310,164429,187881,596528,301846,301846,4587115,3038449
Company_9,3/31/2022,906448,409585,496863,483218,586977,588089,1435625,1435625
Company_5,3/31/2022,947191,251329,695862,287642,420074,420074,2741544,2052528
Company_10,3/31/2022,460130,102998,357132,240945,153876,802067,510219,510219
Company_9,3/31/2022,322411,352494,0,103748,351713,466330,4272315,1437757
Company_10,3/31/2022,800891,60907,667766,204368,325738,613249,4287761,2733015
Company_2,3/31/2022,338389,198946,139443,197262,534362,986283,3413687,2838847
Company_5,3/31/2022,400122,152733,247389,555538,497693,899962,3778841,2139459
Company_13,3/31/2022,808300,84442,185516,130877,639242,899339,4380040,695055
Company_19,3/31/2022,647182,207326,439856,584836,255681,332164,4705251,129110
Company_5,3/31/2022,967413,473721,422508,299481,222316,502951,888144,885361
Company_3,3/31/2022,809260,141769,667491,571013,493406,609084,4017362,591916
Company_19,3/31/2022,628037,111205,403778,345442,671691,851467,863149,443893
Company_16,3/31/2022,647978,63299,584679,105924,420570,553197,1998501,1998501
Company_11,6/30/2022,995694,101155,489305,357472,282401,360188,2387172,2067670
Company_19,6/30/2022,460040,252258,207782,468205,373358,760005,4787161,2305911
Company_13,6/30/2022,879315,207652,262558,310874,155516,218207,1431009,1431009
Company_6,6/30/2022,292131,187500,104631,249200,603309,806224,1600504,1362374
Company_19,6/30/2022,206754,133097,73657,387677,501356,560085,3502282,1931957
Company_19,6/30/2022,123576,215104,0,313707,176823,628395,4039276,3837842
Company_16,6/30/2022,138443,78584,59859,458675,151125,911918,539127,449861
Company_4,6/30/2022,379990,274360,105630,479936,316351,372818,2660450,2660450
Company_16,6/30/2022,799199,417200,381999,236702,571443,571443,4304996,390560
Company_4,6/30/2022,685760,489120,196640,73964,207475,207475,644730,431713
Company_12,6/30/2022,531053,125302,405751,522050,218857,218857,3332920,1383373
Company_3,6/30/2022,871091,58936,682382,132542,391668,629652,1746320,1665030
Company_9,6/30/2022,445851,183421,262430,337784,293584,974062,1842850,769467
Company_15,6/30/2022,287002,440856,0,388031,521915,921858,1649565,1649565
Company_12,6/30/2022,457733,437857,19876,302360,554925,780966,1791919,982466
Company_10,6/30/2022,575829,126370,449459,365651,201016,476591,4893985,2860827
Company_7,6/30/2022,503354,328663,174691,313881,178772,882212,850879,850879
Company_6,6/30/2022,199977,75251,124726,79636,609980,609980,3735352,2426360
Company_17,6/30/2022,670101,57790,377918,374132,185085,540377,777569,777569
Company_20,6/30/2022,179291,417508,0,364374,136266,392740,3302452,355351
Company_20,9/30/2022,544205,211429,332776,449311,382233,382233,2189764,548548
Company_1,9/30/2022,799929,350562,449367,179778,393027,780643,1486993,1486993
Company_15,9/30/2022,284741,84299,170853,466618,600944,865595,2245868,910143
Company_19,9/30/2022,296345,229516,66829,517691,455066,814610,634514,634514
Company_11,9/30/2022,484202,284907,199295,386912,129246,581808,4413912,1151567
Company_19,9/30/2022,411272,52086,359186,329896,404751,404751,4851878,188882
Company_2,9/30/2022,731264,171182,560082,563971,621154,621154,4193038,2234322
Company_10,9/30/2022,620979,471101,149878,569935,107404,501663,3844506,2302818
Company_15,9/30/2022,252763,469918,0,500406,270625,618967,2490537,2490537
Company_6,9/30/2022,713576,140473,370221,354817,379305,379305,1148396,1148396
Company_17,9/30/2022,611513,114132,497381,148653,627135,732056,3091079,2632351
Company_5,9/30/2022,997236,465754,531482,430597,101820,863439,2885832,2885832
Company_15,9/30/2022,917130,393179,523951,95789,645064,649754,2363790,2363790
Company_14,9/30/2022,623225,291573,77536,436812,123987,984467,4622288,2487201
Company_17,9/30/2022,414000,262393,151607,156003,236173,443092,3348537,2899963
Company_19,9/30/2022,538608,216549,319583,582821,107168,441376,3761642,3548253
Company_13,9/30/2022,478799,285526,193273,512381,453523,522054,1608357,883973
Company_4,9/30/2022,118609,412269,0,436320,208155,473467,3732283,2930321
Company_13,9/30/2022,633310,192180,283763,558042,258026,973460,4672527,3184601
Company_17,9/30/2022,843342,344246,158619,379136,428321,964520,3028308,2212920
Company_16,12/31/2022,898121,271409,316136,294917,336674,719726,4406499,2868990
Company_7,12/31/2022,536141,253637,282504,309589,604651,642442,2110628,2110628
Company_16,12/31/2022,272996,452764,0,141735,219975,404353,3291876,1578060
Company_5,12/31/2022,435591,420731,14860,551101,149485,533859,3863651,2213845
Company_10,12/31/2022,443185,128437,314748,580989,497826,847125,916954,916954
Company_10,12/31/2022,496337,151979,291600,356779,409225,409225,570892,570892
Company_14,12/31/2022,197023,51210,123901,405073,162418,655089,3690487,2226386
Company_5,12/31/2022,697119,396873,300246,339216,342977,342977,2582147,101335
Company_14,12/31/2022,309143,317282,0,69774,271254,271254,2933338,179614
Company_13,12/31/2022,397956,224923,173033,222303,247018,247018,3242608,3242608
Company_13,12/31/2022,239943,250997,0,298516,471634,777063,4266238,1974330
Company_13,12/31/2022,696116,302473,393643,183210,123503,625559,3348134,3228067
Company_8,12/31/2022,191286,380292,0,406101,399049,399049,1153984,685094
Company_6,12/31/2022,878019,140361,733664,164338,267650,267650,3890187,908096
Company_3,12/31/2022,723473,426790,296683,523572,471305,984781,2219598,333603
Company_11,12/31/2022,827984,291539,536445,389984,200318,930610,2427507,938032
Company_4,12/31/2022,136084,228210,0,222837,576157,576157,1253162,1253162
Company_17,12/31/2022,160207,312196,0,495998,271110,353044,2568340,2515671
Company_10,12/31/2022,964700,127028,606678,534958,668926,836252,3367571,3367571
Company_16,12/31/2022,610882,307445,303437,529783,138713,612930,1447681,936877
